"","STATENAME","INCOME","SEASON"
"2","Alabama",51113,"2017-18"
"3","Alaska",72231,"2017-18"
"4","Arizona",61125,"2017-18"
"5","Arkansas",48829,"2017-18"
"6","California",69759,"2017-18"
"7","Colorado",74172,"2017-18"
"8","Connecticut",72780,"2017-18"
"9","Delaware",62318,"2017-18"
"10","District of Columbia",83382,"2017-18"
"11","Florida",53681,"2017-18"
"12","Georgia",57016,"2017-18"
"13","Hawaii",73575,"2017-18"
"14","Idaho",60208,"2017-18"
"15","Illinois",64609,"2017-18"
"16","Indiana",58873,"2017-18"
"17","Iowa",63481,"2017-18"
"18","Kansas",57872,"2017-18"
"19","Kentucky",51348,"2017-18"
"20","Louisiana",43903,"2017-18"
"21","Maine",51664,"2017-18"
"22","Maryland",81084,"2017-18"
"23","Massachusetts",73227,"2017-18"
"24","Michigan",57700,"2017-18"
"25","Minnesota",71920,"2017-18"
"26","Mississippi",43441,"2017-18"
"27","Missouri",56885,"2017-18"
"28","Montana",59087,"2017-18"
"29","Nebraska",59619,"2017-18"
"30","Nevada",56550,"2017-18"
"31","New Hampshire",74801,"2017-18"
"32","New Jersey",72997,"2017-18"
"33","New Mexico",47855,"2017-18"
"34","New York",62447,"2017-18"
"35","North Carolina",50343,"2017-18"
"36","North Dakota",59886,"2017-18"
"37","Ohio",59768,"2017-18"
"38","Oklahoma",55006,"2017-18"
"39","Oregon",64610,"2017-18"
"40","Pennsylvania",63173,"2017-18"
"41","Rhode Island",66390,"2017-18"
"42","South Carolina",54971,"2017-18"
"43","South Dakota",56894,"2017-18"
"44","Tennessee",55240,"2017-18"
"45","Texas",59295,"2017-18"
"46","Utah",71319,"2017-18"
"47","Vermont",63805,"2017-18"
"48","Virginia",71293,"2017-18"
"49","Washington",75418,"2017-18"
"50","West Virginia",45392,"2017-18"
"51","Wisconsin",63451,"2017-18"
"52","Wyoming",57837,"2017-18"
"54","Alabama",47221,"2016-17"
"55","Alaska",75723,"2016-17"
"56","Arizona",57100,"2016-17"
"57","Arkansas",45907,"2016-17"
"58","California",66637,"2016-17"
"59","Colorado",70566,"2016-17"
"60","Connecticut",75923,"2016-17"
"61","Delaware",58046,"2016-17"
"62","District of Columbia",70982,"2016-17"
"63","Florida",51176,"2016-17"
"64","Georgia",53527,"2016-17"
"65","Hawaii",72133,"2016-17"
"66","Idaho",56564,"2016-17"
"67","Illinois",61386,"2016-17"
"68","Indiana",56094,"2016-17"
"69","Iowa",59094,"2016-17"
"70","Kansas",56810,"2016-17"
"71","Kentucky",45369,"2016-17"
"72","Louisiana",42196,"2016-17"
"73","Maine",50856,"2016-17"
"74","Maryland",73760,"2016-17"
"75","Massachusetts",72266,"2016-17"
"76","Michigan",57091,"2016-17"
"77","Minnesota",70218,"2016-17"
"78","Mississippi",41099,"2016-17"
"79","Missouri",55016,"2016-17"
"80","Montana",57075,"2016-17"
"81","Nebraska",59374,"2016-17"
"82","Nevada",55431,"2016-17"
"83","New Hampshire",76260,"2016-17"
"84","New Jersey",68468,"2016-17"
"85","New Mexico",48451,"2016-17"
"86","New York",61437,"2016-17"
"87","North Carolina",53764,"2016-17"
"88","North Dakota",60184,"2016-17"
"89","Ohio",53985,"2016-17"
"90","Oklahoma",50943,"2016-17"
"91","Oregon",59135,"2016-17"
"92","Pennsylvania",60979,"2016-17"
"93","Rhode Island",61528,"2016-17"
"94","South Carolina",54336,"2016-17"
"95","South Dakota",57450,"2016-17"
"96","Tennessee",51344,"2016-17"
"97","Texas",58146,"2016-17"
"98","Utah",67481,"2016-17"
"99","Vermont",60837,"2016-17"
"100","Virginia",66451,"2016-17"
"101","Washington",70310,"2016-17"
"102","West Virginia",44354,"2016-17"
"103","Wisconsin",59817,"2016-17"
"104","Wyoming",57829,"2016-17"
"106","Alabama",44509,"2015-16"
"107","Alaska",75112,"2015-16"
"108","Arizona",52248,"2015-16"
"109","Arkansas",42798,"2015-16"
"110","California",63636,"2015-16"
"111","Colorado",66596,"2015-16"
"112","Connecticut",72889,"2015-16"
"113","Delaware",57756,"2015-16"
"114","District of Columbia",70071,"2015-16"
"115","Florida",48825,"2015-16"
"116","Georgia",50768,"2015-16"
"117","Hawaii",64514,"2015-16"
"118","Idaho",51624,"2015-16"
"119","Illinois",60413,"2015-16"
"120","Indiana",51983,"2015-16"
"121","Iowa",60855,"2015-16"
"122","Kansas",54865,"2015-16"
"123","Kentucky",42387,"2015-16"
"124","Louisiana",45922,"2015-16"
"125","Maine",50756,"2015-16"
"126","Maryland",73594,"2015-16"
"127","Massachusetts",67861,"2015-16"
"128","Michigan",54203,"2015-16"
"129","Minnesota",68730,"2015-16"
"130","Mississippi",40037,"2015-16"
"131","Missouri",59196,"2015-16"
"132","Montana",51395,"2015-16"
"133","Nebraska",60474,"2015-16"
"134","Nevada",52008,"2015-16"
"135","New Hampshire",75675,"2015-16"
"136","New Jersey",68357,"2015-16"
"137","New Mexico",45119,"2015-16"
"138","New York",58005,"2015-16"
"139","North Carolina",50797,"2015-16"
"140","North Dakota",57415,"2015-16"
"141","Ohio",53301,"2015-16"
"142","Oklahoma",47077,"2015-16"
"143","Oregon",60834,"2015-16"
"144","Pennsylvania",60389,"2015-16"
"145","Rhode Island",55701,"2015-16"
"146","South Carolina",46360,"2015-16"
"147","South Dakota",55065,"2015-16"
"148","Tennessee",47330,"2015-16"
"149","Texas",56473,"2015-16"
"150","Utah",66258,"2015-16"
"151","Vermont",59494,"2015-16"
"152","Virginia",61486,"2015-16"
"153","Washington",67243,"2015-16"
"154","West Virginia",42824,"2015-16"
"155","Wisconsin",55425,"2015-16"
"156","Wyoming",60925,"2015-16"
"158","Alabama",42278,"2014-15"
"159","Alaska",67629,"2014-15"
"160","Arizona",49254,"2014-15"
"161","Arkansas",44922,"2014-15"
"162","California",60487,"2014-15"
"163","Colorado",60940,"2014-15"
"164","Connecticut",70161,"2014-15"
"165","Delaware",57522,"2014-15"
"166","District of Columbia",68277,"2014-15"
"167","Florida",46140,"2014-15"
"168","Georgia",49555,"2014-15"
"169","Hawaii",71223,"2014-15"
"170","Idaho",53438,"2014-15"
"171","Illinois",54916,"2014-15"
"172","Indiana",48060,"2014-15"
"173","Iowa",57810,"2014-15"
"174","Kansas",53444,"2014-15"
"175","Kentucky",42786,"2014-15"
"176","Louisiana",42406,"2014-15"
"177","Maine",51710,"2014-15"
"178","Maryland",76165,"2014-15"
"179","Massachusetts",63151,"2014-15"
"180","Michigan",52005,"2014-15"
"181","Minnesota",67244,"2014-15"
"182","Mississippi",35521,"2014-15"
"183","Missouri",56630,"2014-15"
"184","Montana",51102,"2014-15"
"185","Nebraska",56870,"2014-15"
"186","Nevada",49875,"2014-15"
"187","New Hampshire",73397,"2014-15"
"188","New Jersey",65243,"2014-15"
"189","New Mexico",46686,"2014-15"
"190","New York",54310,"2014-15"
"191","North Carolina",46784,"2014-15"
"192","North Dakota",60730,"2014-15"
"193","Ohio",49644,"2014-15"
"194","Oklahoma",47199,"2014-15"
"195","Oregon",58875,"2014-15"
"196","Pennsylvania",55173,"2014-15"
"197","Rhode Island",58633,"2014-15"
"198","South Carolina",44929,"2014-15"
"199","South Dakota",53053,"2014-15"
"200","Tennessee",43716,"2014-15"
"201","Texas",53875,"2014-15"
"202","Utah",63383,"2014-15"
"203","Vermont",60708,"2014-15"
"204","Virginia",66155,"2014-15"
"205","Washington",59068,"2014-15"
"206","West Virginia",39552,"2014-15"
"207","Wisconsin",58080,"2014-15"
"208","Wyoming",55690,"2014-15"
"210","Alabama",47320,"2013-14"
"211","Alaska",72472,"2013-14"
"212","Arizona",52611,"2013-14"
"213","Arkansas",39376,"2013-14"
"214","California",60794,"2013-14"
"215","Colorado",67912,"2013-14"
"216","Connecticut",69291,"2013-14"
"217","Delaware",54091,"2013-14"
"218","District of Columbia",60057,"2013-14"
"219","Florida",48532,"2013-14"
"220","Georgia",46992,"2013-14"
"221","Hawaii",64235,"2013-14"
"222","Idaho",48467,"2013-14"
"223","Illinois",53937,"2013-14"
"224","Indiana",49455,"2013-14"
"225","Iowa",60156,"2013-14"
"226","Kansas",47820,"2013-14"
"227","Kentucky",44879,"2013-14"
"228","Louisiana",46425,"2013-14"
"229","Maine",54957,"2013-14"
"230","Maryland",69353,"2013-14"
"231","Massachusetts",62529,"2013-14"
"232","Michigan",56567,"2013-14"
"233","Minnesota",64324,"2013-14"
"234","Mississippi",32338,"2013-14"
"235","Missouri",46303,"2013-14"
"236","Montana",43201,"2013-14"
"237","Nebraska",57623,"2013-14"
"238","Nevada",51846,"2013-14"
"239","New Hampshire",69099,"2013-14"
"240","New Jersey",63754,"2013-14"
"241","New Mexico",40166,"2013-14"
"242","New York",49966,"2013-14"
"243","North Carolina",46337,"2013-14"
"244","North Dakota",59152,"2013-14"
"245","Ohio",50748,"2013-14"
"246","Oklahoma",46162,"2013-14"
"247","Oregon",48999,"2013-14"
"248","Pennsylvania",55156,"2013-14"
"249","Rhode Island",56323,"2013-14"
"250","South Carolina",43563,"2013-14"
"251","South Dakota",53413,"2013-14"
"252","Tennessee",43361,"2013-14"
"253","Texas",51406,"2013-14"
"254","Utah",61047,"2013-14"
"255","Vermont",65513,"2013-14"
"256","Virginia",65907,"2013-14"
"257","Washington",63922,"2013-14"
"258","West Virginia",43069,"2013-14"
"259","Wisconsin",51726,"2013-14"
"260","Wyoming",67441,"2013-14"
"262","Alabama",41381,"2013-14"
"263","Alaska",61137,"2013-14"
"264","Arizona",50602,"2013-14"
"265","Arkansas",39919,"2013-14"
"266","California",57528,"2013-14"
"267","Colorado",63371,"2013-14"
"268","Connecticut",67781,"2013-14"
"269","Delaware",52219,"2013-14"
"270","District of Columbia",60675,"2013-14"
"271","Florida",47886,"2013-14"
"272","Georgia",47439,"2013-14"
"273","Hawaii",61408,"2013-14"
"274","Idaho",51767,"2013-14"
"275","Illinois",57196,"2013-14"
"276","Indiana",50553,"2013-14"
"277","Iowa",54855,"2013-14"
"278","Kansas",51485,"2013-14"
"279","Kentucky",42158,"2013-14"
"280","Louisiana",39622,"2013-14"
"281","Maine",50121,"2013-14"
"282","Maryland",65262,"2013-14"
"283","Massachusetts",62963,"2013-14"
"284","Michigan",48801,"2013-14"
"285","Minnesota",60907,"2013-14"
"286","Mississippi",40850,"2013-14"
"287","Missouri",50311,"2013-14"
"288","Montana",44132,"2013-14"
"289","Nebraska",53774,"2013-14"
"290","Nevada",45369,"2013-14"
"291","New Hampshire",71322,"2013-14"
"292","New Jersey",61782,"2013-14"
"293","New Mexico",42127,"2013-14"
"294","New York",53843,"2013-14"
"295","North Carolina",41208,"2013-14"
"296","North Dakota",52888,"2013-14"
"297","Ohio",46398,"2013-14"
"298","Oklahoma",43777,"2013-14"
"299","Oregon",56307,"2013-14"
"300","Pennsylvania",53952,"2013-14"
"301","Rhode Island",57812,"2013-14"
"302","South Carolina",43749,"2013-14"
"303","South Dakota",54453,"2013-14"
"304","Tennessee",42499,"2013-14"
"305","Texas",53027,"2013-14"
"306","Utah",62967,"2013-14"
"307","Vermont",54842,"2013-14"
"308","Virginia",67620,"2013-14"
"309","Washington",60106,"2013-14"
"310","West Virginia",40241,"2013-14"
"311","Wisconsin",55258,"2013-14"
"312","Wyoming",55700,"2013-14"
"314","Alabama",43464,"2012-13"
"315","Alaska",63648,"2012-13"
"316","Arizona",47044,"2012-13"
"317","Arkansas",39018,"2012-13"
"318","California",57020,"2012-13"
"319","Colorado",57255,"2012-13"
"320","Connecticut",64247,"2012-13"
"321","Delaware",48972,"2012-13"
"322","District of Columbia",65246,"2012-13"
"323","Florida",46071,"2012-13"
"324","Georgia",48121,"2012-13"
"325","Hawaii",56263,"2012-13"
"326","Idaho",47922,"2012-13"
"327","Illinois",51738,"2012-13"
"328","Indiana",46158,"2012-13"
"329","Iowa",53442,"2012-13"
"330","Kansas",50003,"2012-13"
"331","Kentucky",41086,"2012-13"
"332","Louisiana",39085,"2012-13"
"333","Maine",49158,"2012-13"
"334","Maryland",71836,"2012-13"
"335","Massachusetts",63656,"2012-13"
"336","Michigan",50015,"2012-13"
"337","Minnesota",61795,"2012-13"
"338","Mississippi",36641,"2012-13"
"339","Missouri",49764,"2012-13"
"340","Montana",45088,"2012-13"
"341","Nebraska",52196,"2012-13"
"342","Nevada",47333,"2012-13"
"343","New Hampshire",67819,"2012-13"
"344","New Jersey",66692,"2012-13"
"345","New Mexico",43424,"2012-13"
"346","New York",47680,"2012-13"
"347","North Carolina",41553,"2012-13"
"348","North Dakota",55766,"2012-13"
"349","Ohio",44375,"2012-13"
"350","Oklahoma",48407,"2012-13"
"351","Oregon",51775,"2012-13"
"352","Pennsylvania",51904,"2012-13"
"353","Rhode Island",56065,"2012-13"
"354","South Carolina",44401,"2012-13"
"355","South Dakota",49415,"2012-13"
"356","Tennessee",42995,"2012-13"
"357","Texas",51926,"2012-13"
"358","Utah",58341,"2012-13"
"359","Vermont",55582,"2012-13"
"360","Virginia",64632,"2012-13"
"361","Washington",62187,"2012-13"
"362","West Virginia",43553,"2012-13"
"363","Wisconsin",53079,"2012-13"
"364","Wyoming",57512,"2012-13"
"366","Alabama",42590,"2011-12"
"367","Alaska",57431,"2011-12"
"368","Arizona",48621,"2011-12"
"369","Arkansas",41302,"2011-12"
"370","California",53367,"2011-12"
"371","Colorado",58629,"2011-12"
"372","Connecticut",65415,"2011-12"
"373","Delaware",54660,"2011-12"
"374","District of Columbia",55251,"2011-12"
"375","Florida",45105,"2011-12"
"376","Georgia",45973,"2011-12"
"377","Hawaii",59047,"2011-12"
"378","Idaho",47459,"2011-12"
"379","Illinois",50637,"2011-12"
"380","Indiana",44445,"2011-12"
"381","Iowa",50219,"2011-12"
"382","Kansas",46147,"2011-12"
"383","Kentucky",39856,"2011-12"
"384","Louisiana",40658,"2011-12"
"385","Maine",49693,"2011-12"
"386","Maryland",68876,"2011-12"
"387","Massachusetts",63313,"2011-12"
"388","Michigan",48879,"2011-12"
"389","Minnesota",57820,"2011-12"
"390","Mississippi",41090,"2011-12"
"391","Missouri",45774,"2011-12"
"392","Montana",40277,"2011-12"
"393","Nebraska",55616,"2011-12"
"394","Nevada",47043,"2011-12"
"395","New Hampshire",65880,"2011-12"
"396","New Jersey",62338,"2011-12"
"397","New Mexico",41982,"2011-12"
"398","New York",50636,"2011-12"
"399","North Carolina",45206,"2011-12"
"400","North Dakota",56361,"2011-12"
"401","Ohio",44648,"2011-12"
"402","Oklahoma",48455,"2011-12"
"403","Oregon",51526,"2011-12"
"404","Pennsylvania",49910,"2011-12"
"405","Rhode Island",49033,"2011-12"
"406","South Carolina",40084,"2011-12"
"407","South Dakota",47223,"2011-12"
"408","Tennessee",42279,"2011-12"
"409","Texas",49047,"2011-12"
"410","Utah",55493,"2011-12"
"411","Vermont",51862,"2011-12"
"412","Virginia",62616,"2011-12"
"413","Washington",56850,"2011-12"
"414","West Virginia",41821,"2011-12"
"415","Wisconsin",52058,"2011-12"
"416","Wyoming",54509,"2011-12"
"418","Alabama",40933,"2010-11"
"419","Alaska",57848,"2010-11"
"420","Arizona",46896,"2010-11"
"421","Arkansas",38587,"2010-11"
"422","California",54283,"2010-11"
"423","Colorado",60233,"2010-11"
"424","Connecticut",65998,"2010-11"
"425","Delaware",55214,"2010-11"
"426","District of Columbia",56928,"2010-11"
"427","Florida",44066,"2010-11"
"428","Georgia",44117,"2010-11"
"429","Hawaii",59539,"2010-11"
"430","Idaho",47050,"2010-11"
"431","Illinois",50728,"2010-11"
"432","Indiana",46139,"2010-11"
"433","Iowa",49016,"2010-11"
"434","Kansas",46054,"2010-11"
"435","Kentucky",41104,"2010-11"
"436","Louisiana",39300,"2010-11"
"437","Maine",47931,"2010-11"
"438","Maryland",64201,"2010-11"
"439","Massachusetts",60934,"2010-11"
"440","Michigan",46276,"2010-11"
"441","Minnesota",52321,"2010-11"
"442","Mississippi",38160,"2010-11"
"443","Missouri",45817,"2010-11"
"444","Montana",41280,"2010-11"
"445","Nebraska",52504,"2010-11"
"446","Nevada",51200,"2010-11"
"447","New Hampshire",66633,"2010-11"
"448","New Jersey",62968,"2010-11"
"449","New Mexico",45134,"2010-11"
"450","New York",49781,"2010-11"
"451","North Carolina",43830,"2010-11"
"452","North Dakota",51006,"2010-11"
"453","Ohio",45886,"2010-11"
"454","Oklahoma",43103,"2010-11"
"455","Oregon",50602,"2010-11"
"456","Pennsylvania",48314,"2010-11"
"457","Rhode Island",51623,"2010-11"
"458","South Carolina",41698,"2010-11"
"459","South Dakota",45352,"2010-11"
"460","Tennessee",38591,"2010-11"
"461","Texas",47266,"2010-11"
"462","Utah",56701,"2010-11"
"463","Vermont",55928,"2010-11"
"464","Virginia",60367,"2010-11"
"465","Washington",56163,"2010-11"
"466","West Virginia",42777,"2010-11"
"467","Wisconsin",50351,"2010-11"
"468","Wyoming",52201,"2010-11"
"470","Alabama",39980,"2009-10"
"471","Alaska",61604,"2009-10"
"472","Arizona",45739,"2009-10"
"473","Arkansas",36538,"2009-10"
"474","California",56134,"2009-10"
"475","Colorado",55930,"2009-10"
"476","Connecticut",64851,"2009-10"
"477","Delaware",52114,"2009-10"
"478","District of Columbia",53141,"2009-10"
"479","Florida",45631,"2009-10"
"480","Georgia",43340,"2009-10"
"481","Hawaii",55649,"2009-10"
"482","Idaho",46778,"2009-10"
"483","Illinois",52870,"2009-10"
"484","Indiana",44305,"2009-10"
"485","Iowa",50721,"2009-10"
"486","Kansas",44717,"2009-10"
"487","Kentucky",42664,"2009-10"
"488","Louisiana",45433,"2009-10"
"489","Maine",47502,"2009-10"
"490","Maryland",64186,"2009-10"
"491","Massachusetts",59373,"2009-10"
"492","Michigan",45994,"2009-10"
"493","Minnesota",56090,"2009-10"
"494","Mississippi",35078,"2009-10"
"495","Missouri",48769,"2009-10"
"496","Montana",40437,"2009-10"
"497","Nebraska",49595,"2009-10"
"498","Nevada",51434,"2009-10"
"499","New Hampshire",64131,"2009-10"
"500","New Jersey",64777,"2009-10"
"501","New Mexico",43542,"2009-10"
"502","New York",50216,"2009-10"
"503","North Carolina",41906,"2009-10"
"504","North Dakota",50075,"2009-10"
"505","Ohio",45879,"2009-10"
"506","Oklahoma",45878,"2009-10"
"507","Oregon",49098,"2009-10"
"508","Pennsylvania",48172,"2009-10"
"509","Rhode Island",51634,"2009-10"
"510","South Carolina",41101,"2009-10"
"511","South Dakota",45826,"2009-10"
"512","Tennessee",40517,"2009-10"
"513","Texas",47475,"2009-10"
"514","Utah",58491,"2009-10"
"515","Vermont",52318,"2009-10"
"516","Virginia",60501,"2009-10"
"517","Washington",60392,"2009-10"
"518","West Virginia",40490,"2009-10"
"519","Wisconsin",51237,"2009-10"
"520","Wyoming",52470,"2009-10"
"522","Alabama",44476,"2008-9"
"523","Alaska",63989,"2008-9"
"524","Arizona",46914,"2008-9"
"525","Arkansas",39586,"2008-9"
"526","California",57014,"2008-9"
"527","Colorado",60943,"2008-9"
"528","Connecticut",64682,"2008-9"
"529","Delaware",50702,"2008-9"
"530","District of Columbia",55590,"2008-9"
"531","Florida",44857,"2008-9"
"532","Georgia",46227,"2008-9"
"533","Hawaii",61521,"2008-9"
"534","Idaho",47420,"2008-9"
"535","Illinois",53254,"2008-9"
"536","Indiana",46520,"2008-9"
"537","Iowa",50142,"2008-9"
"538","Kansas",47877,"2008-9"
"539","Kentucky",41148,"2008-9"
"540","Louisiana",39563,"2008-9"
"541","Maine",47228,"2008-9"
"542","Maryland",63711,"2008-9"
"543","Massachusetts",60320,"2008-9"
"544","Michigan",49788,"2008-9"
"545","Minnesota",54925,"2008-9"
"546","Mississippi",36446,"2008-9"
"547","Missouri",46038,"2008-9"
"548","Montana",42900,"2008-9"
"549","Nebraska",50728,"2008-9"
"550","Nevada",54744,"2008-9"
"551","New Hampshire",66176,"2008-9"
"552","New Jersey",65306,"2008-9"
"553","New Mexico",42102,"2008-9"
"554","New York",50461,"2008-9"
"555","North Carolina",42930,"2008-9"
"556","North Dakota",49631,"2008-9"
"557","Ohio",46934,"2008-9"
"558","Oklahoma",46111,"2008-9"
"559","Oregon",51727,"2008-9"
"560","Pennsylvania",51402,"2008-9"
"561","Rhode Island",53241,"2008-9"
"562","South Carolina",42155,"2008-9"
"563","South Dakota",51600,"2008-9"
"564","Tennessee",39702,"2008-9"
"565","Texas",46490,"2008-9"
"566","Utah",62537,"2008-9"
"567","Vermont",50706,"2008-9"
"568","Virginia",61985,"2008-9"
"569","Washington",56631,"2008-9"
"570","West Virginia",37994,"2008-9"
"571","Wisconsin",51200,"2008-9"
"572","Wyoming",53337,"2008-9"
"574","Alabama",42212,"2007-8"
"575","Alaska",62993,"2007-8"
"576","Arizona",47215,"2007-8"
"577","Arkansas",40795,"2007-8"
"578","California",55734,"2007-8"
"579","Colorado",61141,"2007-8"
"580","Connecticut",64141,"2007-8"
"581","Delaware",54589,"2007-8"
"582","District of Columbia",50783,"2007-8"
"583","Florida",45794,"2007-8"
"584","Georgia",48641,"2007-8"
"585","Hawaii",64022,"2007-8"
"586","Idaho",49184,"2007-8"
"587","Illinois",52506,"2007-8"
"588","Indiana",47453,"2007-8"
"589","Iowa",48908,"2007-8"
"590","Kansas",48497,"2007-8"
"591","Kentucky",39452,"2007-8"
"592","Louisiana",41313,"2007-8"
"593","Maine",47894,"2007-8"
"594","Maryland",65630,"2007-8"
"595","Massachusetts",58463,"2007-8"
"596","Michigan",49370,"2007-8"
"597","Minnesota",58058,"2007-8"
"598","Mississippi",37279,"2007-8"
"599","Missouri",46005,"2007-8"
"600","Montana",43655,"2007-8"
"601","Nebraska",49174,"2007-8"
"602","Nevada",54058,"2007-8"
"603","New Hampshire",67576,"2007-8"
"604","New Jersey",60508,"2007-8"
"605","New Mexico",44356,"2007-8"
"606","New York",48944,"2007-8"
"607","North Carolina",43513,"2007-8"
"608","North Dakota",47205,"2007-8"
"609","Ohio",49099,"2007-8"
"610","Oklahoma",43216,"2007-8"
"611","Oregon",50236,"2007-8"
"612","Pennsylvania",48437,"2007-8"
"613","Rhode Island",54210,"2007-8"
"614","South Carolina",44213,"2007-8"
"615","South Dakota",46418,"2007-8"
"616","Tennessee",41195,"2007-8"
"617","Texas",46053,"2007-8"
"618","Utah",53529,"2007-8"
"619","Vermont",47390,"2007-8"
"620","Virginia",59161,"2007-8"
"621","Washington",58080,"2007-8"
"622","West Virginia",42091,"2007-8"
"623","Wisconsin",51277,"2007-8"
"624","Wyoming",48744,"2007-8"
"626","Alabama",37952,"2006-7"
"627","Alaska",56418,"2006-7"
"628","Arizona",46657,"2006-7"
"629","Arkansas",37057,"2006-7"
"630","California",55319,"2006-7"
"631","Colorado",55697,"2006-7"
"632","Connecticut",62404,"2006-7"
"633","Delaware",52438,"2006-7"
"634","District of Columbia",48477,"2006-7"
"635","Florida",45676,"2006-7"
"636","Georgia",49344,"2006-7"
"637","Hawaii",60470,"2006-7"
"638","Idaho",46213,"2006-7"
"639","Illinois",48671,"2006-7"
"640","Indiana",45407,"2006-7"
"641","Iowa",48126,"2006-7"
"642","Kansas",45552,"2006-7"
"643","Kentucky",39485,"2006-7"
"644","Louisiana",36488,"2006-7"
"645","Maine",45642,"2006-7"
"646","Maryland",63668,"2006-7"
"647","Massachusetts",55330,"2006-7"
"648","Michigan",48647,"2006-7"
"649","Minnesota",56211,"2006-7"
"650","Mississippi",34733,"2006-7"
"651","Missouri",44579,"2006-7"
"652","Montana",41105,"2006-7"
"653","Nebraska",48145,"2006-7"
"654","Nevada",52282,"2006-7"
"655","New Hampshire",61970,"2006-7"
"656","New Jersey",68059,"2006-7"
"657","New Mexico",40028,"2006-7"
"658","New York",48222,"2006-7"
"659","North Carolina",39797,"2006-7"
"660","North Dakota",41047,"2006-7"
"661","Ohio",45900,"2006-7"
"662","Oklahoma",38838,"2006-7"
"663","Oregon",47091,"2006-7"
"664","Pennsylvania",48477,"2006-7"
"665","Rhode Island",53736,"2006-7"
"666","South Carolina",39617,"2006-7"
"667","South Dakota",45427,"2006-7"
"668","Tennessee",40693,"2006-7"
"669","Texas",43307,"2006-7"
"670","Utah",54628,"2006-7"
"671","Vermont",51981,"2006-7"
"672","Virginia",57119,"2006-7"
"673","Washington",54723,"2006-7"
"674","West Virginia",38419,"2006-7"
"675","Wisconsin",51692,"2006-7"
"676","Wyoming",47041,"2006-7"
"678","Alabama",37150,"2005-6"
"679","Alaska",55891,"2005-6"
"680","Arizona",45245,"2005-6"
"681","Arkansas",36658,"2005-6"
"682","California",51755,"2005-6"
"683","Colorado",50449,"2005-6"
"684","Connecticut",56835,"2005-6"
"685","Delaware",51235,"2005-6"
"686","District of Columbia",44993,"2005-6"
"687","Florida",42990,"2005-6"
"688","Georgia",45926,"2005-6"
"689","Hawaii",59586,"2005-6"
"690","Idaho",44176,"2005-6"
"691","Illinois",48398,"2005-6"
"692","Indiana",42437,"2005-6"
"693","Iowa",46500,"2005-6"
"694","Kansas",42027,"2005-6"
"695","Kentucky",36699,"2005-6"
"696","Louisiana",37236,"2005-6"
"697","Maine",43923,"2005-6"
"698","Maryland",60512,"2005-6"
"699","Massachusetts",56017,"2005-6"
"700","Michigan",45933,"2005-6"
"701","Minnesota",54215,"2005-6"
"702","Mississippi",32875,"2005-6"
"703","Missouri",42986,"2005-6"
"704","Montana",37313,"2005-6"
"705","Nebraska",47923,"2005-6"
"706","Nevada",48209,"2005-6"
"707","New Hampshire",56984,"2005-6"
"708","New Jersey",63368,"2005-6"
"709","New Mexico",38947,"2005-6"
"710","New York",47176,"2005-6"
"711","North Carolina",42056,"2005-6"
"712","North Dakota",42192,"2005-6"
"713","Ohio",44203,"2005-6"
"714","Oklahoma",37645,"2005-6"
"715","Oregon",44159,"2005-6"
"716","Pennsylvania",46300,"2005-6"
"717","Rhode Island",49484,"2005-6"
"718","South Carolina",40230,"2005-6"
"719","South Dakota",43151,"2005-6"
"720","Tennessee",39406,"2005-6"
"721","Texas",41422,"2005-6"
"722","Utah",54813,"2005-6"
"723","Vermont",50704,"2005-6"
"724","Virginia",51914,"2005-6"
"725","Washington",50646,"2005-6"
"726","West Virginia",36445,"2005-6"
"727","Wisconsin",44650,"2005-6"
"728","Wyoming",44718,"2005-6"
"730","Alabama",36629,"2004-5"
"731","Alaska",55063,"2004-5"
"732","Arizona",43846,"2004-5"
"733","Arkansas",34984,"2004-5"
"734","California",49222,"2004-5"
"735","Colorado",50886,"2004-5"
"736","Connecticut",55100,"2004-5"
"737","Delaware",48049,"2004-5"
"738","District of Columbia",43451,"2004-5"
"739","Florida",40535,"2004-5"
"740","Georgia",40984,"2004-5"
"741","Hawaii",56242,"2004-5"
"742","Idaho",44358,"2004-5"
"743","Illinois",46077,"2004-5"
"744","Indiana",42329,"2004-5"
"745","Iowa",43391,"2004-5"
"746","Kansas",41066,"2004-5"
"747","Kentucky",35610,"2004-5"
"748","Louisiana",36429,"2004-5"
"749","Maine",41329,"2004-5"
"750","Maryland",57103,"2004-5"
"751","Massachusetts",52019,"2004-5"
"752","Michigan",42256,"2004-5"
"753","Minnesota",56104,"2004-5"
"754","Mississippi",34755,"2004-5"
"755","Missouri",42137,"2004-5"
"756","Montana",33956,"2004-5"
"757","Nebraska",43786,"2004-5"
"758","Nevada",47204,"2004-5"
"759","New Hampshire",56815,"2004-5"
"760","New Jersey",55275,"2004-5"
"761","New Mexico",39562,"2004-5"
"762","New York",44649,"2004-5"
"763","North Carolina",40238,"2004-5"
"764","North Dakota",39220,"2004-5"
"765","Ohio",43055,"2004-5"
"766","Oklahoma",39614,"2004-5"
"767","Oregon",40994,"2004-5"
"768","Pennsylvania",44106,"2004-5"
"769","Rhode Island",47935,"2004-5"
"770","South Carolina",38691,"2004-5"
"771","South Dakota",41107,"2004-5"
"772","Tennessee",38072,"2004-5"
"773","Texas",41397,"2004-5"
"774","Utah",50871,"2004-5"
"775","Vermont",47329,"2004-5"
"776","Virginia",51141,"2004-5"
"777","Washington",49922,"2004-5"
"778","West Virginia",33373,"2004-5"
"779","Wisconsin",45732,"2004-5"
"780","Wyoming",45397,"2004-5"
"782","Alabama",37255,"2003-4"
"783","Alaska",51837,"2003-4"
"784","Arizona",41166,"2003-4"
"785","Arkansas",32002,"2003-4"
"786","California",49300,"2003-4"
"787","Colorado",49940,"2003-4"
"788","Connecticut",54965,"2003-4"
"789","Delaware",49019,"2003-4"
"790","District of Columbia",45044,"2003-4"
"791","Florida",38972,"2003-4"
"792","Georgia",42438,"2003-4"
"793","Hawaii",51834,"2003-4"
"794","Idaho",42372,"2003-4"
"795","Illinois",45153,"2003-4"
"796","Indiana",42425,"2003-4"
"797","Iowa",41384,"2003-4"
"798","Kansas",44232,"2003-4"
"799","Kentucky",36936,"2003-4"
"800","Louisiana",33507,"2003-4"
"801","Maine",37113,"2003-4"
"802","Maryland",52314,"2003-4"
"803","Massachusetts",50955,"2003-4"
"804","Michigan",45022,"2003-4"
"805","Minnesota",52823,"2003-4"
"806","Mississippi",32728,"2003-4"
"807","Missouri",43762,"2003-4"
"808","Montana",34108,"2003-4"
"809","Nebraska",43974,"2003-4"
"810","Nevada",45184,"2003-4"
"811","New Hampshire",55567,"2003-4"
"812","New Jersey",56045,"2003-4"
"813","New Mexico",35105,"2003-4"
"814","New York",42788,"2003-4"
"815","North Carolina",37279,"2003-4"
"816","North Dakota",40410,"2003-4"
"817","Ohio",43520,"2003-4"
"818","Oklahoma",35902,"2003-4"
"819","Oregon",41638,"2003-4"
"820","Pennsylvania",42933,"2003-4"
"821","Rhode Island",44711,"2003-4"
"822","South Carolina",38479,"2003-4"
"823","South Dakota",39522,"2003-4"
"824","Tennessee",37523,"2003-4"
"825","Texas",39271,"2003-4"
"826","Utah",49275,"2003-4"
"827","Vermont",43261,"2003-4"
"828","Virginia",54783,"2003-4"
"829","Washington",47508,"2003-4"
"830","West Virginia",32763,"2003-4"
"831","Wisconsin",46269,"2003-4"
"832","Wyoming",42555,"2003-4"
